﻿timestamp,state,event,test,time_taken
"2019-05-13 02:01:57","BootupUnit","state_create_start","",0
"2019-05-13 02:03:09","BootupUnit","state_create_complete","",72.093
"2019-05-13 02:03:09","LoadOntologies","state_create_start","",0
"2019-05-13 02:03:53","LoadOntologies","state_create_complete","",43.874
"2019-05-13 02:03:53","CreateUsersUnit","state_create_start","",0
"2019-05-13 02:04:31","CreateUsersUnit","state_create_complete","",37.754
"2019-05-13 02:05:02","CreateUsersUnit","test_concluded","demouser1",31.397
"2019-05-13 02:05:03","CreateUsersUnit","test_concluded","users",32.364
"2019-05-13 02:05:42","CreateUsersUnit","test_concluded","demouser2",39.743
"2019-05-13 02:05:42","CreateUsersUnit","test_concluded","demouser3",39.009
"2019-05-13 02:06:24","CreateUsersUnit","test_concluded","user.edit",42.209
"2019-05-13 02:06:24","CreateUsersUnit","test_concluded","user_avatar",42.199
"2019-05-13 02:07:10","CreateUsersUnit","test_concluded","projects.new",45.734
"2019-05-13 02:07:36","CreateUsersUnit","test_concluded","admin",26.594
"2019-05-13 02:07:36","CreateProjectsUnit","state_create_start","",0
"2019-05-13 02:08:21","CreateProjectsUnit","state_create_complete","",44.84
"2019-05-13 02:08:21","CreateAvatarsForUsersUnit","state_create_start","",0
"2019-05-13 02:08:57","CreateAvatarsForUsersUnit","state_create_complete","",35.789
"2019-05-13 02:09:22","CreateProjectsUnit","test_concluded","publicProject.__administerTest",25.064
"2019-05-13 02:09:22","AddContributorsToProjectsUnit","state_create_start","",0
"2019-05-13 02:10:01","AddContributorsToProjectsUnit","state_create_complete","",38.454
"2019-05-13 02:10:28","CreateAvatarsForUsersUnit","test_concluded","demouser1.avatar",27.359
"2019-05-13 02:10:56","CreateAvatarsForUsersUnit","test_concluded","demouser2.avatar",27.925
"2019-05-13 02:11:12","CreateUsersUnit","test_concluded","import",287.549
"2019-05-13 02:11:23","CreateAvatarsForUsersUnit","test_concluded","demouser3.avatar",27.069
"2019-05-13 02:11:42","AddContributorsToProjectsUnit","test_concluded","projects-list",30.358
"2019-05-13 02:11:55","AddContributorsToProjectsUnit","test_concluded","projects-my",32.138
"2019-05-13 02:12:13","AddContributorsToProjectsUnit","test_concluded","from_ontology",30.552
"2019-05-13 02:12:25","AddContributorsToProjectsUnit","test_concluded","publicProject.__mkdir",30.291
"2019-05-13 02:12:43","AddContributorsToProjectsUnit","test_concluded","privateProject.__mkdir",30.655
"2019-05-13 02:12:43","CreateFoldersUnit","state_create_start","",0
"2019-05-13 02:12:57","AddContributorsToProjectsUnit","test_concluded","metadataOnlyProject.__mkdir",31.314
"2019-05-13 02:12:57","CreateFoldersPublicProject","state_create_start","",0
"2019-05-13 02:13:48","CreateFoldersPublicProject","state_create_complete","",51.216
"2019-05-13 02:13:48","AddMetadataToFoldersPublicProject","state_create_start","",0
"2019-05-13 02:13:50","CreateFoldersUnit","state_create_complete","",66.279
"2019-05-13 02:14:31","CreateFoldersUnit","test_concluded","publicProject.data.testFolder1.__mkdir",40.849
"2019-05-13 02:14:46","AddMetadataToFoldersPublicProject","state_create_complete","",57.746
"2019-05-13 02:15:02","CreateFoldersUnit","test_concluded","publicProject.data.testFolder2.__mkdir",31.15
"2019-05-13 02:15:15","CreateFoldersUnit","test_concluded","privateProject.data.testFolder1.__mkdir",29.345
"2019-05-13 02:15:35","CreateFoldersUnit","test_concluded","privateProject.data.testFolder2.__mkdir",32.865
"2019-05-13 02:15:48","CreateFoldersUnit","test_concluded","metadataOnlyProject.data.testFolder1.__mkdir",33.419
"2019-05-13 02:16:05","CreateFoldersUnit","test_concluded","metadataOnlyProject.data.testFolder2.__mkdir",30.633
"2019-05-13 02:16:22","CreateFoldersUnit","test_concluded","publicProject.data.testFolder1.__update_metadata",33.373
"2019-05-13 02:16:44","CreateFoldersUnit","test_concluded","publicProject.data.testFolder2.__update_metadata",38.663
"2019-05-13 02:16:57","CreateFoldersUnit","test_concluded","privateProject.data.testFolder1.__update_metadata",34.79
"2019-05-13 02:17:15","CreateFoldersUnit","test_concluded","privateProject.data.testFolder2.__update_metadata",31.577
"2019-05-13 02:17:33","CreateFoldersUnit","test_concluded","metadataonlyProject.data.testFolder1.__update_metadata",36.431
"2019-05-13 02:17:48","CreateFoldersUnit","test_concluded","metadataonlyProject.data.testFolder2.__update_metadata",32.908
"2019-05-13 02:18:04","CreateFoldersUnit","test_concluded","publicProject.data.testFolder1.__delete",31.217
"2019-05-13 02:18:22","CreateFoldersUnit","test_concluded","publicProject.data.testFolder2.__delete",33.499
"2019-05-13 02:18:38","CreateFoldersUnit","test_concluded","privateProject.data.testFolder1.__delete",33.362
"2019-05-13 02:18:55","CreateFoldersUnit","test_concluded","privateProject.data.testFolder2.__delete",33.557
"2019-05-13 02:19:09","CreateFoldersUnit","test_concluded","metadataonlyProject.data.testFolder1.__delete",31.148
"2019-05-13 02:19:27","CreateFoldersUnit","test_concluded","metadataonlyProject.data.testFolder2.__delete",32.019
"2019-05-13 02:19:42","CreateFoldersUnit","test_concluded","publicProject.data.testFolder1.__hard_delete",32.859
"2019-05-13 02:19:59","CreateFoldersUnit","test_concluded","publicProject.data.testFolder2.__hard_delete",31.164
"2019-05-13 02:20:14","CreateFoldersUnit","test_concluded","privateProject.data.testFolder1.__hard_delete",31.916
"2019-05-13 02:20:32","CreateFoldersUnit","test_concluded","privateProject.data.testFolder2.__hard_delete",33.177
"2019-05-13 02:20:45","CreateFoldersUnit","test_concluded","metadataonlyProject.data.testFolder1.__hard_delete",31.653
"2019-05-13 02:21:04","CreateFoldersUnit","test_concluded","metadataonlyProject.data.testFolder2.__hard_delete",31.851
"2019-05-13 02:21:39","CreateFoldersUnit","test_concluded","privateProject.data.testFolder1.__upload",53.432
"2019-05-13 02:21:39","CreateFilesUnit","state_create_start","",0
"2019-05-13 02:21:41","CreateFoldersUnit","test_concluded","archivedResource",37.269
"2019-05-13 02:21:41","CreateFoldersForLsByName","state_create_start","",0
"2019-05-13 02:22:50","CreateFoldersForLsByName","state_create_complete","",69.58
"2019-05-13 02:22:50","AddMetadataToFoldersUnit","state_create_start","",0
"2019-05-13 02:23:41","CreateFilesUnit","state_create_complete","",122.131
"2019-05-13 02:23:41","DeleteFoldersUnit","state_create_start","",0
"2019-05-13 02:24:17","AddMetadataToFoldersUnit","state_create_complete","",86.212
"2019-05-13 02:24:49","AddMetadataToFoldersPublicProject","test_concluded","admin.reindex",32.412
"2019-05-13 02:25:01","DeleteFoldersUnit","state_create_complete","",80.647
"2019-05-13 02:25:40","CreateFoldersForLsByName","test_concluded","publicProject.data.testFolder1.__ls_by_name",39.081
"2019-05-13 02:25:55","AddMetadataToFoldersPublicProject","test_concluded","publicProject.data.testFolder1.__restore",65.933
"2019-05-13 02:26:33","CreateFoldersForLsByName","test_concluded","privateProject.data.testFolder1.__ls_by_name",52.364
"2019-05-13 02:26:51","CreateFoldersForLsByName","test_concluded","metadataOnlyProject.data.testFolder1.__ls_by_name",55.977
"2019-05-13 02:27:10","CreateFilesUnit","test_concluded","select_ontology_manually",36.9
"2019-05-13 02:27:22","CreateFilesUnit","test_concluded","favorite_descriptor_from_quick_list_for_project",30.932
"2019-05-13 02:27:40","CreateFilesUnit","test_concluded","favorite_descriptor_from_manual_list_for_project",30.686
"2019-05-13 02:27:57","CreateFilesUnit","test_concluded","favorite_descriptor_from_manual_list_for_user",35.008
"2019-05-13 02:28:39","CreateFilesUnit","test_concluded","hide_descriptor_from_quick_list_for_project",42.514
"2019-05-13 02:29:13","CreateFilesUnit","test_concluded","hide_descriptor_from_quick_list_for_user",33.255
"2019-05-13 02:30:00","CreateFilesUnit","test_concluded","unfavorite_descriptor_from_quick_list_for_user",47.672
"2019-05-13 02:30:33","CreateFilesUnit","test_concluded","unfavorite_descriptor_from_quick_list_for_project",32.692
"2019-05-13 02:31:05","CreateFilesUnit","test_concluded","unhide_descriptor_from_quick_list_for_project",31.636
"2019-05-13 02:31:40","CreateFilesUnit","test_concluded","unhide_descriptor_from_quick_list_for_user",34.782
"2019-05-13 02:32:10","CreateFilesUnit","test_concluded","acceptDescriptorFromQuickList",30.471
"2019-05-13 02:32:20","CreateFilesUnit","test_concluded","favorite_descriptor_from_quick_list_for_user",279.144
"2019-05-13 02:32:41","CreateFilesUnit","test_concluded","acceptDescriptorFromQuickListWhileItWasAProjectFavorite",31.194
"2019-05-13 02:32:57","CreateFilesUnit","test_concluded","acceptDescriptorFromQuickListWhileItWasAUserFavorite",37.844
"2019-05-13 02:33:16","CreateFilesUnit","test_concluded","acceptDescriptorFromQuickListWhileItWasAUserAndProjectFavorite",35.266
"2019-05-13 02:33:28","CreateFilesUnit","test_concluded","acceptDescriptorFromManualList",30.882
"2019-05-13 02:33:48","CreateFilesUnit","test_concluded","acceptDescriptorFromManualListWhileItWasAProjectFavorite",31.934
"2019-05-13 02:34:04","CreateFilesUnit","test_concluded","accept_descriptor_from_manual_list_while_it_was_a_user_favorite",35.441
"2019-05-13 02:34:21","CreateFilesUnit","test_concluded","accept_descriptor_from_manual_list_while_it_was_a_user_and_project_favorite",32.918
"2019-05-13 02:34:34","CreateFilesUnit","test_concluded","accept_descriptor_from_autocomplete",30.072
"2019-05-13 02:34:52","CreateFilesUnit","test_concluded","select_descriptor_from_manual_list",30.292
"2019-05-13 02:35:07","CreateFilesUnit","test_concluded","accept_smart_descriptor_in_metadata_editor",33.707
"2019-05-13 02:35:47","CreateFilesUnit","test_concluded","delete_descriptor_in_metadata_editor",39.694
"2019-05-13 02:36:21","CreateFilesUnit","test_concluded","fill_in_descriptor_from_manual_list_in_metadata_editor",33.834
"2019-05-13 02:36:53","CreateFilesUnit","test_concluded","fill_in_descriptor_from_manual_list_while_it_was_a_project_favorite",31.71
"2019-05-13 02:37:23","CreateFilesUnit","test_concluded","fill_in_descriptor_from_manual_list_while_it_was_a_user_favorite",30.354
"2019-05-13 02:37:53","CreateFilesUnit","test_concluded","fill_in_descriptor_from_manual_list_while_it_was_a_user_and_project_favorite",30.259
"2019-05-13 02:38:23","CreateFilesUnit","test_concluded","fill_in_descriptor_from_quick_list_in_metadata_editor",29.289
"2019-05-13 02:38:55","CreateFilesUnit","test_concluded","fill_in_descriptor_from_quick_list_while_it_was_a_project_favorite",32.795
"2019-05-13 02:39:26","CreateFilesUnit","test_concluded","fill_in_descriptor_from_quick_list_while_it_was_a_user_favorite",30.376
"2019-05-13 02:39:32","CreateFilesUnit","test_concluded","accept_favorite_descriptor_in_metadata_editor",280.31
"2019-05-13 02:40:04","CreateFilesUnit","test_concluded","fill_in_descriptor_from_quick_list_while_it_was_a_user_and_project_favorite",37.965
"2019-05-13 02:40:07","CreateFilesUnit","test_concluded","fill_in_inherited_descriptor",35.275
"2019-05-13 02:40:41","CreateFilesUnit","test_concluded","delete_all",36.906
"2019-05-13 02:44:44","CreateFilesUnit","test_concluded","privateProject.data.testFolder1.a_filename.__rename",276.884
"2019-05-13 02:45:18","CreateFilesUnit","test_concluded","privateProject.__bagit",33.613
"2019-05-13 02:45:25","CreateFilesUnit","test_concluded","privateProject.data.testFolder1.a_filename",284.4
"2019-05-13 02:46:01","CreateFilesUnit","test_concluded","publicProject.__bagit",42.866
"2019-05-13 02:46:05","CreateFilesUnit","test_concluded","metadataOnlyProject.__bagit",40.262
"2019-05-13 02:46:39","CreateFilesUnit","test_concluded","metadataOnlyProject.__delete",33.531
"2019-05-13 02:46:41","CreateFilesUnit","test_concluded","publicProject.__delete",40.642
"2019-05-13 02:47:17","AddMetadataToFoldersUnit","test_concluded","search",35.968
"2019-05-13 02:47:23","CreateFilesUnit","test_concluded","privateProject.__delete",43.624
"2019-05-13 02:48:00","AddMetadataToFoldersUnit","test_concluded","privateProject.__metadata",37.034
"2019-05-13 02:48:02","AddMetadataToFoldersUnit","test_concluded","publicProject.__metadata",45.065
"2019-05-13 02:48:04","AddMetadataToFoldersUnit","test_concluded","publicProject.__metadata&deep",1.744
"2019-05-13 02:48:06","AddMetadataToFoldersUnit","test_concluded","privateProject.__metadata&deep",1.745
"2019-05-13 02:48:07","AddMetadataToFoldersUnit","test_concluded","metadataonlyProject.__metadata&deep",1.707
"2019-05-13 02:48:42","AddMetadataToFoldersUnit","test_concluded","metadataonlyProject.__metadata",42.469
"2019-05-13 02:48:43","AddMetadataToFoldersUnit","test_concluded","publicProject",35.135
"2019-05-13 02:49:23","AddMetadataToFoldersUnit","test_concluded","privateProject",41.266
"2019-05-13 02:49:23","AddMetadataToFoldersUnit","test_concluded","metadataonlyProject",40.91
"2019-05-13 02:50:04","AddMetadataToFoldersUnit","test_concluded","publicProject.data.testFolder1.__metadata",40.651
"2019-05-13 02:50:06","AddMetadataToFoldersUnit","test_concluded","publicProject.data.testFolder2.__metadata",42.21
"2019-05-13 02:50:41","AddMetadataToFoldersUnit","test_concluded","privateProject.data.testFolder1.__metadata",36.92
"2019-05-13 02:50:41","AddMetadataToFoldersUnit","test_concluded","privateProject.data.testFolder2.__metadata",35.382
"2019-05-13 02:51:24","AddMetadataToFoldersUnit","test_concluded","metadataonlyProject.data.testFolder1.__metadata",42.764
"2019-05-13 02:51:25","AddMetadataToFoldersUnit","test_concluded","publicProject.data.testFolder1.__metadata&deep",1.631
"2019-05-13 02:51:26","AddMetadataToFoldersUnit","test_concluded","metadataonlyProject.data.testFolder2.__metadata",44.907
"2019-05-13 02:51:27","AddMetadataToFoldersUnit","test_concluded","publicProject.data.testFolder2.__metadata&deep",1.637
"2019-05-13 02:51:28","AddMetadataToFoldersUnit","test_concluded","privateProject.data.testFolder1.__metadata&deep",1.623
"2019-05-13 02:51:29","AddMetadataToFoldersUnit","test_concluded","privateProject.data.testFolder2.__metadata&deep",1.642
"2019-05-13 02:51:29","AddMetadataToFoldersUnit","test_concluded","metadataonlyProject.data.testFolder1.__metadata&deep",1.633
"2019-05-13 02:51:30","AddMetadataToFoldersUnit","test_concluded","metadataonlyProject.data.testFolder2.__metadata&deep",1.641
"2019-05-13 02:52:03","AddMetadataToFoldersUnit","test_concluded","publicProject.data.testFolder2.__parent_metadata",32.587
"2019-05-13 02:52:05","AddMetadataToFoldersUnit","test_concluded","publicProject.data.testFolder1.__parent_metadata",35.872
"2019-05-13 02:52:41","AddMetadataToFoldersUnit","test_concluded","privateProject.data.testFolder1.__parent_metadata",38.361
"2019-05-13 02:52:42","AddMetadataToFoldersUnit","test_concluded","privateProject.data.testFolder2.__parent_metadata",36.717
"2019-05-13 02:53:22","AddMetadataToFoldersUnit","test_concluded","metadataonlyProject.data.testFolder1.__parent_metadata",41.181
"2019-05-13 02:53:23","AddMetadataToFoldersUnit","test_concluded","metadataonlyProject.data.testFolder2.__parent_metadata",40.719
"2019-05-13 02:54:09","AddMetadataToFoldersUnit","test_concluded","publicProject.data.testFolder2.__version",46.669
"2019-05-13 02:54:09","AddMetadataToFoldersUnit","test_concluded","publicProject.data.testFolder1.__version",47.147
"2019-05-13 02:54:49","AddMetadataToFoldersUnit","test_concluded","privateProject.data.testFolder1.__version",40.154
"2019-05-13 02:54:52","AddMetadataToFoldersUnit","test_concluded","privateProject.data.testFolder2.__version",42.42
"2019-05-13 02:55:35","AddMetadataToFoldersUnit","test_concluded","metadataonlyProject.data.testFolder1.__version",45.24
"2019-05-13 02:55:36","AddMetadataToFoldersUnit","test_concluded","metadataonlyProject.data.testFolder2.__version",44.295
"2019-05-13 02:56:18","AddMetadataToFoldersUnit","test_concluded","publicProject.data.testFolder1.__change_log",43.678
"2019-05-13 02:56:20","AddMetadataToFoldersUnit","test_concluded","publicProject.data.testFolder2.__change_log",43.853
"2019-05-13 02:57:03","AddMetadataToFoldersUnit","test_concluded","privateProject.data.testFolder1.__change_log",45.035
"2019-05-13 02:57:04","AddMetadataToFoldersUnit","test_concluded","privateProject.data.testFolder2.__change_log",43.913
"2019-05-13 02:57:46","AddMetadataToFoldersUnit","test_concluded","metadataonlyProject.data.testFolder1.__change_log",42.421
"2019-05-13 02:57:46","AddMetadataToFoldersUnit","test_concluded","metadataonlyProject.data.testFolder2.__change_log",42.058
"2019-05-13 02:58:27","AddMetadataToFoldersUnit","test_concluded","privateProject.__recent_changes",41.472
"2019-05-13 02:58:28","AddMetadataToFoldersUnit","test_concluded","publicProject.__recent_changes",41.935
"2019-05-13 02:59:07","AddMetadataToFoldersUnit","test_concluded","metadataonlyProject.__recent_changes",39.654
"2019-05-13 02:59:09","AddMetadataToFoldersUnit","test_concluded","publicProject.data.testFolder1.__recent_changes",41.184
"2019-05-13 02:59:53","AddMetadataToFoldersUnit","test_concluded","privateProject.data.testFolder1.__recent_changes",44.051
"2019-05-13 02:59:53","AddMetadataToFoldersUnit","test_concluded","publicProject.data.testFolder2.__recent_changes",46.022
"2019-05-13 03:00:29","AddMetadataToFoldersUnit","test_concluded","privateProject.data.testFolder2.__recent_changes",35.669
"2019-05-13 03:00:29","AddMetadataToFoldersUnit","test_concluded","metadataonlyProject.data.testFolder1.__recent_changes",35.712
"2019-05-13 03:01:07","AddMetadataToFoldersUnit","test_concluded","publicProject.data.testFolder1.__restore_metadata_version",38.576
"2019-05-13 03:01:08","AddMetadataToFoldersUnit","test_concluded","metadataonlyProject.data.testFolder2.__recent_changes",39.05
"2019-05-13 03:01:48","AddMetadataToFoldersUnit","test_concluded","privateProject.data.testFolder1.__restore_metadata_version",40.386
"2019-05-13 03:01:50","AddMetadataToFoldersUnit","test_concluded","publicProject.data.testFolder2.__restore_metadata_version",43.018
"2019-05-13 03:02:32","AddMetadataToFoldersUnit","test_concluded","privateProject.data.testFolder2.__restore_metadata_version",43.974
"2019-05-13 03:02:32","AddMetadataToFoldersUnit","test_concluded","metadataonlyProject.data.testFolder1.__restore_metadata_version",41.772
"2019-05-13 03:02:32","UploadFilesAndAddMetadataUnit","state_create_start","",0
"2019-05-13 03:03:17","AddMetadataToFoldersUnit","test_concluded","metadataonlyProject.data.testFolder2.__restore_metadata_version",44.773
"2019-05-13 03:03:32","UploadFilesAndAddMetadataUnit","state_create_complete","",59.849
"2019-05-13 03:03:49","DeleteFoldersUnit","test_concluded","publicProject.data.testFolder1.__undelete",31.97
"2019-05-13 03:04:05","DeleteFoldersUnit","test_concluded","publicProject.data.testFolder2.__undelete",33.138
"2019-05-13 03:04:21","DeleteFoldersUnit","test_concluded","privateProject.data.testFolder1.__undelete",31.974
"2019-05-13 03:04:53","DeleteFoldersUnit","test_concluded","privateProject.data.testFolder2.__undelete",47.778
"2019-05-13 03:04:56","DeleteFoldersUnit","test_concluded","metadataonlyProject.data.testFolder1.__undelete",34.875
"2019-05-13 03:04:56","CreateManualPostForAllProjectTypesUnit","state_create_start","",0
"2019-05-13 03:05:37","DeleteFoldersUnit","test_concluded","metadataonlyProject.data.testFolder2.__undelete",44.452
"2019-05-13 03:05:43","CreateManualPostForAllProjectTypesUnit","state_create_complete","",47.403
"2019-05-13 03:05:43","ShareSomePostsUnit","state_create_start","",0
"2019-05-13 03:06:24","ShareSomePostsUnit","state_create_complete","",41.233
"2019-05-13 03:06:24","LikeSomePostsUnit","state_create_start","",0
"2019-05-13 03:07:03","LikeSomePostsUnit","state_create_complete","",38.521
"2019-05-13 03:07:03","CommentSomePostsUnit","state_create_start","",0
"2019-05-13 03:07:41","CommentSomePostsUnit","state_create_complete","",38.086
"2019-05-13 03:07:41","CreateSocialDendroTimelineWithPostsAndSharesUnit","state_create_start","",0
"2019-05-13 03:08:13","CreateSocialDendroTimelineWithPostsAndSharesUnit","state_create_complete","",32.621
"2019-05-13 03:08:49","CreateSocialDendroTimelineWithPostsAndSharesUnit","test_concluded","social.my",35.812
"2019-05-13 03:08:50","CreateSocialDendroTimelineWithPostsAndSharesUnit","test_concluded","posts.all",36.029
"2019-05-13 03:09:27","CreateSocialDendroTimelineWithPostsAndSharesUnit","test_concluded","posts.posts",37.601
"2019-05-13 03:09:29","CreateSocialDendroTimelineWithPostsAndSharesUnit","test_concluded","posts.post",39.913
"2019-05-13 03:10:11","CreateSocialDendroTimelineWithPostsAndSharesUnit","test_concluded","posts.like",41.432
"2019-05-13 03:10:11","CreateSocialDendroTimelineWithPostsAndSharesUnit","test_concluded","posts.new",43.803
"2019-05-13 03:11:07","CreateSocialDendroTimelineWithPostsAndSharesUnit","test_concluded","posts.post.likes",56.023
"2019-05-13 03:11:07","CreateSocialDendroTimelineWithPostsAndSharesUnit","test_concluded","posts.comment",55.951
"2019-05-13 03:11:46","CreateSocialDendroTimelineWithPostsAndSharesUnit","test_concluded","posts.share",39.126
"2019-05-13 03:11:46","CreateSocialDendroTimelineWithPostsAndSharesUnit","test_concluded","posts.comments",39.531
"2019-05-13 03:12:25","CreateSocialDendroTimelineWithPostsAndSharesUnit","test_concluded","posts.shares",39.375
"2019-05-13 03:12:26","CreateSocialDendroTimelineWithPostsAndSharesUnit","test_concluded","posts.count",39.416
"2019-05-13 03:13:06","CreateSocialDendroTimelineWithPostsAndSharesUnit","test_concluded","notifications.notification",40.048
"2019-05-13 03:13:07","CreateSocialDendroTimelineWithPostsAndSharesUnit","test_concluded","notifications.all",41.167
"2019-05-13 03:13:08","CreateSocialDendroTimelineWithPostsAndSharesUnit","test_concluded","notifications.notification[DELETE]",2.426
