﻿timestamp,state,event,test,time_taken
"2019-05-12 23:56:53","BootupUnit","state_create_start","",0
"2019-05-13 00:05:46","BootupUnit","state_create_complete","",533.522
"2019-05-13 00:05:46","LoadOntologies","state_create_start","",0
"2019-05-13 00:12:09","LoadOntologies","state_create_complete","",382.687
"2019-05-13 00:12:09","CreateUsersUnit","state_create_start","",0
"2019-05-13 00:12:53","CreateUsersUnit","state_create_complete","",44.264
"2019-05-13 00:13:18","CreateUsersUnit","test_concluded","users",24.869
"2019-05-13 00:13:54","CreateUsersUnit","test_concluded","demouser1",35.859
"2019-05-13 00:14:21","CreateUsersUnit","test_concluded","demouser2",26.472
"2019-05-13 00:14:47","CreateUsersUnit","test_concluded","demouser3",26.179
"2019-05-13 00:15:12","CreateUsersUnit","test_concluded","user.edit",25.137
"2019-05-13 00:15:38","CreateUsersUnit","test_concluded","user_avatar",26.203
"2019-05-13 00:16:08","CreateUsersUnit","test_concluded","projects.new",30.165
"2019-05-13 00:20:34","CreateUsersUnit","test_concluded","import",266.163
"2019-05-13 00:21:04","CreateUsersUnit","test_concluded","admin",29.357
"2019-05-13 00:21:04","CreateProjectsUnit","state_create_start","",0
"2019-05-13 00:21:47","CreateProjectsUnit","state_create_complete","",43.088
"2019-05-13 00:21:47","CreateAvatarsForUsersUnit","state_create_start","",0
"2019-05-13 00:22:28","CreateAvatarsForUsersUnit","state_create_complete","",41.414
"2019-05-13 00:22:55","CreateProjectsUnit","test_concluded","publicProject.__administerTest",26.926
"2019-05-13 00:22:55","AddContributorsToProjectsUnit","state_create_start","",0
"2019-05-13 00:23:32","AddContributorsToProjectsUnit","state_create_complete","",36.356
"2019-05-13 00:23:57","CreateAvatarsForUsersUnit","test_concluded","demouser1.avatar",25.782
"2019-05-13 00:24:24","CreateAvatarsForUsersUnit","test_concluded","demouser2.avatar",26.894
"2019-05-13 00:24:53","CreateAvatarsForUsersUnit","test_concluded","demouser3.avatar",28.872
"2019-05-13 00:25:19","AddContributorsToProjectsUnit","test_concluded","projects-list",25.999
"2019-05-13 00:25:44","AddContributorsToProjectsUnit","test_concluded","projects-my",24.945
"2019-05-13 00:26:11","AddContributorsToProjectsUnit","test_concluded","from_ontology",27.084
"2019-05-13 00:26:40","AddContributorsToProjectsUnit","test_concluded","publicProject.__mkdir",28.436
"2019-05-13 00:27:07","AddContributorsToProjectsUnit","test_concluded","privateProject.__mkdir",27.009
"2019-05-13 00:27:35","AddContributorsToProjectsUnit","test_concluded","metadataOnlyProject.__mkdir",28.466
"2019-05-13 00:27:35","CreateFoldersUnit","state_create_start","",0
"2019-05-13 00:28:28","CreateFoldersUnit","state_create_complete","",52.647
"2019-05-13 00:28:28","CreateFoldersPublicProject","state_create_start","",0
"2019-05-13 00:29:18","CreateFoldersPublicProject","state_create_complete","",50.486
"2019-05-13 00:29:50","CreateFoldersUnit","test_concluded","publicProject.data.testFolder1.__mkdir",31.946
"2019-05-13 00:30:18","CreateFoldersUnit","test_concluded","publicProject.data.testFolder2.__mkdir",28.179
"2019-05-13 00:30:46","CreateFoldersUnit","test_concluded","privateProject.data.testFolder1.__mkdir",28.006
"2019-05-13 00:31:15","CreateFoldersUnit","test_concluded","privateProject.data.testFolder2.__mkdir",28.619
"2019-05-13 00:31:42","CreateFoldersUnit","test_concluded","metadataOnlyProject.data.testFolder1.__mkdir",26.958
"2019-05-13 00:32:11","CreateFoldersUnit","test_concluded","metadataOnlyProject.data.testFolder2.__mkdir",29.234
"2019-05-13 00:32:44","CreateFoldersUnit","test_concluded","publicProject.data.testFolder1.__update_metadata",32.618
"2019-05-13 00:33:15","CreateFoldersUnit","test_concluded","publicProject.data.testFolder2.__update_metadata",31.071
"2019-05-13 00:33:42","CreateFoldersUnit","test_concluded","privateProject.data.testFolder1.__update_metadata",27.118
"2019-05-13 00:34:14","CreateFoldersUnit","test_concluded","privateProject.data.testFolder2.__update_metadata",32.188
"2019-05-13 00:34:45","CreateFoldersUnit","test_concluded","metadataonlyProject.data.testFolder1.__update_metadata",30.97
"2019-05-13 00:35:15","CreateFoldersUnit","test_concluded","metadataonlyProject.data.testFolder2.__update_metadata",30.143
"2019-05-13 00:35:42","CreateFoldersUnit","test_concluded","publicProject.data.testFolder1.__delete",26.915
"2019-05-13 00:36:14","CreateFoldersUnit","test_concluded","publicProject.data.testFolder2.__delete",31.469
"2019-05-13 00:36:45","CreateFoldersUnit","test_concluded","privateProject.data.testFolder1.__delete",31.485
"2019-05-13 00:37:14","CreateFoldersUnit","test_concluded","privateProject.data.testFolder2.__delete",28.468
"2019-05-13 00:37:45","CreateFoldersUnit","test_concluded","metadataonlyProject.data.testFolder1.__delete",31.332
"2019-05-13 00:38:15","CreateFoldersUnit","test_concluded","metadataonlyProject.data.testFolder2.__delete",29.533
"2019-05-13 00:38:42","CreateFoldersUnit","test_concluded","publicProject.data.testFolder1.__hard_delete",27.033
"2019-05-13 00:39:10","CreateFoldersUnit","test_concluded","publicProject.data.testFolder2.__hard_delete",28.76
"2019-05-13 00:39:38","CreateFoldersUnit","test_concluded","privateProject.data.testFolder1.__hard_delete",27.59
"2019-05-13 00:40:09","CreateFoldersUnit","test_concluded","privateProject.data.testFolder2.__hard_delete",31.113
"2019-05-13 00:40:36","CreateFoldersUnit","test_concluded","metadataonlyProject.data.testFolder1.__hard_delete",26.682
"2019-05-13 00:41:08","CreateFoldersUnit","test_concluded","metadataonlyProject.data.testFolder2.__hard_delete",32.587
"2019-05-13 00:41:53","CreateFoldersUnit","test_concluded","privateProject.data.testFolder1.__upload",44.758
"2019-05-13 00:42:28","CreateFoldersUnit","test_concluded","archivedResource",34.799
"2019-05-13 00:42:28","CreateFilesUnit","state_create_start","",0
"2019-05-13 00:43:45","CreateFilesUnit","state_create_complete","",76.832
"2019-05-13 00:43:45","CreateFoldersForLsByName","state_create_start","",0
"2019-05-13 00:44:23","CreateFoldersForLsByName","state_create_complete","",38.232
"2019-05-13 00:44:23","AddMetadataToFoldersUnit","state_create_start","",0
"2019-05-13 00:45:35","AddMetadataToFoldersUnit","state_create_complete","",72.055
"2019-05-13 00:45:35","DeleteFoldersUnit","state_create_start","",0
"2019-05-13 00:46:37","DeleteFoldersUnit","state_create_complete","",61.641
"2019-05-13 00:46:37","AddMetadataToFoldersPublicProject","state_create_start","",0
"2019-05-13 00:47:18","AddMetadataToFoldersPublicProject","state_create_complete","",41.474
"2019-05-13 00:47:47","CreateFilesUnit","test_concluded","select_ontology_manually",28.643
"2019-05-13 00:48:19","CreateFilesUnit","test_concluded","favorite_descriptor_from_quick_list_for_project",32.104
"2019-05-13 00:48:46","CreateFilesUnit","test_concluded","favorite_descriptor_from_manual_list_for_project",27.124
"2019-05-13 00:49:18","CreateFilesUnit","test_concluded","favorite_descriptor_from_manual_list_for_user",31.652
"2019-05-13 00:53:50","CreateFilesUnit","test_concluded","favorite_descriptor_from_quick_list_for_user",272.332
"2019-05-13 00:54:17","CreateFilesUnit","test_concluded","hide_descriptor_from_quick_list_for_project",26.664
"2019-05-13 00:54:48","CreateFilesUnit","test_concluded","hide_descriptor_from_quick_list_for_user",31.118
"2019-05-13 00:55:34","CreateFilesUnit","test_concluded","unfavorite_descriptor_from_quick_list_for_user",46.079
"2019-05-13 00:56:03","CreateFilesUnit","test_concluded","unfavorite_descriptor_from_quick_list_for_project",29.58
"2019-05-13 00:56:33","CreateFilesUnit","test_concluded","unhide_descriptor_from_quick_list_for_project",29.477
"2019-05-13 00:57:00","CreateFilesUnit","test_concluded","unhide_descriptor_from_quick_list_for_user",27.143
"2019-05-13 00:57:33","CreateFilesUnit","test_concluded","acceptDescriptorFromQuickList",33.184
"2019-05-13 00:58:03","CreateFilesUnit","test_concluded","acceptDescriptorFromQuickListWhileItWasAProjectFavorite",29.584
"2019-05-13 00:58:29","CreateFilesUnit","test_concluded","acceptDescriptorFromQuickListWhileItWasAUserFavorite",26.439
"2019-05-13 00:59:03","CreateFilesUnit","test_concluded","acceptDescriptorFromQuickListWhileItWasAUserAndProjectFavorite",33.736
"2019-05-13 00:59:29","CreateFilesUnit","test_concluded","acceptDescriptorFromManualList",26.235
"2019-05-13 01:00:01","CreateFilesUnit","test_concluded","acceptDescriptorFromManualListWhileItWasAProjectFavorite",31.419
"2019-05-13 01:00:40","CreateFilesUnit","test_concluded","accept_descriptor_from_manual_list_while_it_was_a_user_favorite",39.587
"2019-05-13 01:01:13","CreateFilesUnit","test_concluded","accept_descriptor_from_manual_list_while_it_was_a_user_and_project_favorite",32.588
"2019-05-13 01:01:44","CreateFilesUnit","test_concluded","accept_descriptor_from_autocomplete",31.616
"2019-05-13 01:02:15","CreateFilesUnit","test_concluded","select_descriptor_from_manual_list",30.208
"2019-05-13 01:02:41","CreateFilesUnit","test_concluded","accept_smart_descriptor_in_metadata_editor",26.733
"2019-05-13 01:07:10","CreateFilesUnit","test_concluded","accept_favorite_descriptor_in_metadata_editor",268.593
"2019-05-13 01:07:38","CreateFilesUnit","test_concluded","delete_descriptor_in_metadata_editor",28.465
"2019-05-13 01:08:07","CreateFilesUnit","test_concluded","fill_in_descriptor_from_manual_list_in_metadata_editor",28.921
"2019-05-13 01:08:39","CreateFilesUnit","test_concluded","fill_in_descriptor_from_manual_list_while_it_was_a_project_favorite",32.035
"2019-05-13 01:09:07","CreateFilesUnit","test_concluded","fill_in_descriptor_from_manual_list_while_it_was_a_user_favorite",27.204
"2019-05-13 01:09:36","CreateFilesUnit","test_concluded","fill_in_descriptor_from_manual_list_while_it_was_a_user_and_project_favorite",29.135
"2019-05-13 01:10:05","CreateFilesUnit","test_concluded","fill_in_descriptor_from_quick_list_in_metadata_editor",28.919
"2019-05-13 01:10:33","CreateFilesUnit","test_concluded","fill_in_descriptor_from_quick_list_while_it_was_a_project_favorite",28.714
"2019-05-13 01:11:03","CreateFilesUnit","test_concluded","fill_in_descriptor_from_quick_list_while_it_was_a_user_favorite",29.473
"2019-05-13 01:11:35","CreateFilesUnit","test_concluded","fill_in_descriptor_from_quick_list_while_it_was_a_user_and_project_favorite",32.645
"2019-05-13 01:12:17","CreateFilesUnit","test_concluded","fill_in_inherited_descriptor",41.075
"2019-05-13 01:12:49","CreateFilesUnit","test_concluded","delete_all",32.672
"2019-05-13 01:17:22","CreateFilesUnit","test_concluded","privateProject.data.testFolder1.a_filename.__rename",273.276
"2019-05-13 01:21:59","CreateFilesUnit","test_concluded","privateProject.data.testFolder1.a_filename",276.752
"2019-05-13 01:22:27","CreateFilesUnit","test_concluded","privateProject.__bagit",27.833
"2019-05-13 01:22:56","CreateFilesUnit","test_concluded","publicProject.__bagit",28.554
"2019-05-13 01:23:29","CreateFilesUnit","test_concluded","metadataOnlyProject.__bagit",33.344
"2019-05-13 01:23:54","CreateFilesUnit","test_concluded","publicProject.__delete",25.367
"2019-05-13 01:24:22","CreateFilesUnit","test_concluded","metadataOnlyProject.__delete",27.98
"2019-05-13 01:24:50","CreateFilesUnit","test_concluded","privateProject.__delete",27.296
"2019-05-13 01:25:19","CreateFoldersForLsByName","test_concluded","publicProject.data.testFolder1.__ls_by_name",29.883
"2019-05-13 01:25:47","CreateFoldersForLsByName","test_concluded","privateProject.data.testFolder1.__ls_by_name",27.688
"2019-05-13 01:26:14","CreateFoldersForLsByName","test_concluded","metadataOnlyProject.data.testFolder1.__ls_by_name",26.997
"2019-05-13 01:26:43","AddMetadataToFoldersUnit","test_concluded","search",28.823
"2019-05-13 01:27:10","AddMetadataToFoldersUnit","test_concluded","publicProject.__metadata",27.214
"2019-05-13 01:27:38","AddMetadataToFoldersUnit","test_concluded","privateProject.__metadata",28.015
"2019-05-13 01:28:07","AddMetadataToFoldersUnit","test_concluded","metadataonlyProject.__metadata",28.655
"2019-05-13 01:28:09","AddMetadataToFoldersUnit","test_concluded","publicProject.__metadata&deep",1.656
"2019-05-13 01:28:10","AddMetadataToFoldersUnit","test_concluded","privateProject.__metadata&deep",1.637
"2019-05-13 01:28:12","AddMetadataToFoldersUnit","test_concluded","metadataonlyProject.__metadata&deep",1.678
"2019-05-13 01:28:47","AddMetadataToFoldersUnit","test_concluded","publicProject",34.891
"2019-05-13 01:29:12","AddMetadataToFoldersUnit","test_concluded","privateProject",25.173
"2019-05-13 01:29:41","AddMetadataToFoldersUnit","test_concluded","metadataonlyProject",28.656
"2019-05-13 01:30:07","AddMetadataToFoldersUnit","test_concluded","publicProject.data.testFolder1.__metadata",26.516
"2019-05-13 01:30:35","AddMetadataToFoldersUnit","test_concluded","publicProject.data.testFolder2.__metadata",27.463
"2019-05-13 01:31:03","AddMetadataToFoldersUnit","test_concluded","privateProject.data.testFolder1.__metadata",28.261
"2019-05-13 01:31:29","AddMetadataToFoldersUnit","test_concluded","privateProject.data.testFolder2.__metadata",25.846
"2019-05-13 01:31:56","AddMetadataToFoldersUnit","test_concluded","metadataonlyProject.data.testFolder1.__metadata",27.279
"2019-05-13 01:32:23","AddMetadataToFoldersUnit","test_concluded","metadataonlyProject.data.testFolder2.__metadata",27.514
"2019-05-13 01:32:25","AddMetadataToFoldersUnit","test_concluded","publicProject.data.testFolder1.__metadata&deep",1.634
"2019-05-13 01:32:27","AddMetadataToFoldersUnit","test_concluded","publicProject.data.testFolder2.__metadata&deep",1.632
"2019-05-13 01:32:28","AddMetadataToFoldersUnit","test_concluded","privateProject.data.testFolder1.__metadata&deep",1.611
"2019-05-13 01:32:30","AddMetadataToFoldersUnit","test_concluded","privateProject.data.testFolder2.__metadata&deep",1.651
"2019-05-13 01:32:32","AddMetadataToFoldersUnit","test_concluded","metadataonlyProject.data.testFolder1.__metadata&deep",1.823
"2019-05-13 01:32:33","AddMetadataToFoldersUnit","test_concluded","metadataonlyProject.data.testFolder2.__metadata&deep",1.623
"2019-05-13 01:32:59","AddMetadataToFoldersUnit","test_concluded","publicProject.data.testFolder1.__parent_metadata",25.319
"2019-05-13 01:33:25","AddMetadataToFoldersUnit","test_concluded","publicProject.data.testFolder2.__parent_metadata",25.966
"2019-05-13 01:33:53","AddMetadataToFoldersUnit","test_concluded","privateProject.data.testFolder1.__parent_metadata",28.452
"2019-05-13 01:34:19","AddMetadataToFoldersUnit","test_concluded","privateProject.data.testFolder2.__parent_metadata",25.759
"2019-05-13 01:34:48","AddMetadataToFoldersUnit","test_concluded","metadataonlyProject.data.testFolder1.__parent_metadata",28.949
"2019-05-13 01:35:14","AddMetadataToFoldersUnit","test_concluded","metadataonlyProject.data.testFolder2.__parent_metadata",26.528
"2019-05-13 01:35:42","AddMetadataToFoldersUnit","test_concluded","publicProject.data.testFolder1.__version",27.474
"2019-05-13 01:36:11","AddMetadataToFoldersUnit","test_concluded","publicProject.data.testFolder2.__version",28.912
"2019-05-13 01:36:39","AddMetadataToFoldersUnit","test_concluded","privateProject.data.testFolder1.__version",28.323
"2019-05-13 01:37:05","AddMetadataToFoldersUnit","test_concluded","privateProject.data.testFolder2.__version",26.343
"2019-05-13 01:37:35","AddMetadataToFoldersUnit","test_concluded","metadataonlyProject.data.testFolder1.__version",29.041
"2019-05-13 01:38:02","AddMetadataToFoldersUnit","test_concluded","metadataonlyProject.data.testFolder2.__version",27.806
"2019-05-13 01:38:30","AddMetadataToFoldersUnit","test_concluded","publicProject.data.testFolder1.__change_log",27.62
"2019-05-13 01:38:58","AddMetadataToFoldersUnit","test_concluded","publicProject.data.testFolder2.__change_log",28.478
"2019-05-13 01:39:27","AddMetadataToFoldersUnit","test_concluded","privateProject.data.testFolder1.__change_log",28.747
"2019-05-13 01:39:53","AddMetadataToFoldersUnit","test_concluded","privateProject.data.testFolder2.__change_log",25.874
"2019-05-13 01:40:20","AddMetadataToFoldersUnit","test_concluded","metadataonlyProject.data.testFolder1.__change_log",27.427
"2019-05-13 01:40:49","AddMetadataToFoldersUnit","test_concluded","metadataonlyProject.data.testFolder2.__change_log",28.628
"2019-05-13 01:41:15","AddMetadataToFoldersUnit","test_concluded","publicProject.__recent_changes",25.439
"2019-05-13 01:41:40","AddMetadataToFoldersUnit","test_concluded","privateProject.__recent_changes",25.926
"2019-05-13 01:42:06","AddMetadataToFoldersUnit","test_concluded","metadataonlyProject.__recent_changes",25.078
"2019-05-13 01:42:32","AddMetadataToFoldersUnit","test_concluded","publicProject.data.testFolder1.__recent_changes",25.947
"2019-05-13 01:42:57","AddMetadataToFoldersUnit","test_concluded","publicProject.data.testFolder2.__recent_changes",25.76
"2019-05-13 01:43:22","AddMetadataToFoldersUnit","test_concluded","privateProject.data.testFolder1.__recent_changes",24.587
"2019-05-13 01:43:47","AddMetadataToFoldersUnit","test_concluded","privateProject.data.testFolder2.__recent_changes",25.001
"2019-05-13 01:44:13","AddMetadataToFoldersUnit","test_concluded","metadataonlyProject.data.testFolder1.__recent_changes",26.519
"2019-05-13 01:44:41","AddMetadataToFoldersUnit","test_concluded","metadataonlyProject.data.testFolder2.__recent_changes",28.001
"2019-05-13 01:45:09","AddMetadataToFoldersUnit","test_concluded","publicProject.data.testFolder1.__restore_metadata_version",28.009
"2019-05-13 01:45:38","AddMetadataToFoldersUnit","test_concluded","publicProject.data.testFolder2.__restore_metadata_version",28.144
"2019-05-13 01:46:05","AddMetadataToFoldersUnit","test_concluded","privateProject.data.testFolder1.__restore_metadata_version",27.219
"2019-05-13 01:46:33","AddMetadataToFoldersUnit","test_concluded","privateProject.data.testFolder2.__restore_metadata_version",28.478
"2019-05-13 01:47:00","AddMetadataToFoldersUnit","test_concluded","metadataonlyProject.data.testFolder1.__restore_metadata_version",27.177
"2019-05-13 01:47:30","AddMetadataToFoldersUnit","test_concluded","metadataonlyProject.data.testFolder2.__restore_metadata_version",29.125
"2019-05-13 01:47:30","UploadFilesAndAddMetadataUnit","state_create_start","",0
"2019-05-13 01:48:14","UploadFilesAndAddMetadataUnit","state_create_complete","",44.487
"2019-05-13 01:48:46","DeleteFoldersUnit","test_concluded","publicProject.data.testFolder1.__undelete",31.872
"2019-05-13 01:49:12","DeleteFoldersUnit","test_concluded","publicProject.data.testFolder2.__undelete",25.987
"2019-05-13 01:49:41","DeleteFoldersUnit","test_concluded","privateProject.data.testFolder1.__undelete",29.343
"2019-05-13 01:50:13","DeleteFoldersUnit","test_concluded","privateProject.data.testFolder2.__undelete",31.748
"2019-05-13 01:50:42","DeleteFoldersUnit","test_concluded","metadataonlyProject.data.testFolder1.__undelete",28.706
"2019-05-13 01:51:15","DeleteFoldersUnit","test_concluded","metadataonlyProject.data.testFolder2.__undelete",32.82
"2019-05-13 01:51:44","AddMetadataToFoldersPublicProject","test_concluded","admin.reindex",29.656
"2019-05-13 01:52:30","AddMetadataToFoldersPublicProject","test_concluded","publicProject.data.testFolder1.__restore",45.89
"2019-05-13 01:52:30","CreateManualPostForAllProjectTypesUnit","state_create_start","",0
"2019-05-13 01:53:06","CreateManualPostForAllProjectTypesUnit","state_create_complete","",35.818
"2019-05-13 01:53:06","ShareSomePostsUnit","state_create_start","",0
"2019-05-13 01:53:39","ShareSomePostsUnit","state_create_complete","",33.268
"2019-05-13 01:53:39","LikeSomePostsUnit","state_create_start","",0
"2019-05-13 01:54:17","LikeSomePostsUnit","state_create_complete","",38.002
"2019-05-13 01:54:17","CommentSomePostsUnit","state_create_start","",0
"2019-05-13 01:54:53","CommentSomePostsUnit","state_create_complete","",35.381
"2019-05-13 01:54:53","CreateSocialDendroTimelineWithPostsAndSharesUnit","state_create_start","",0
"2019-05-13 01:55:31","CreateSocialDendroTimelineWithPostsAndSharesUnit","state_create_complete","",38.196
"2019-05-13 01:55:56","CreateSocialDendroTimelineWithPostsAndSharesUnit","test_concluded","social.my",25.253
"2019-05-13 01:56:24","CreateSocialDendroTimelineWithPostsAndSharesUnit","test_concluded","posts.all",27.741
"2019-05-13 01:56:49","CreateSocialDendroTimelineWithPostsAndSharesUnit","test_concluded","posts.post",25.634
"2019-05-13 01:57:16","CreateSocialDendroTimelineWithPostsAndSharesUnit","test_concluded","posts.posts",26.745
"2019-05-13 01:57:41","CreateSocialDendroTimelineWithPostsAndSharesUnit","test_concluded","posts.new",24.431
"2019-05-13 01:58:10","CreateSocialDendroTimelineWithPostsAndSharesUnit","test_concluded","posts.like",29.04
"2019-05-13 01:58:34","CreateSocialDendroTimelineWithPostsAndSharesUnit","test_concluded","posts.post.likes",24.524
"2019-05-13 01:58:59","CreateSocialDendroTimelineWithPostsAndSharesUnit","test_concluded","posts.comment",25.326
"2019-05-13 01:59:38","CreateSocialDendroTimelineWithPostsAndSharesUnit","test_concluded","posts.comments",38.141
"2019-05-13 02:00:04","CreateSocialDendroTimelineWithPostsAndSharesUnit","test_concluded","posts.share",26.645
"2019-05-13 02:00:31","CreateSocialDendroTimelineWithPostsAndSharesUnit","test_concluded","posts.shares",26.342
"2019-05-13 02:00:57","CreateSocialDendroTimelineWithPostsAndSharesUnit","test_concluded","posts.count",26.201
"2019-05-13 02:01:21","CreateSocialDendroTimelineWithPostsAndSharesUnit","test_concluded","notifications.all",24.555
"2019-05-13 02:01:47","CreateSocialDendroTimelineWithPostsAndSharesUnit","test_concluded","notifications.notification",25.782
"2019-05-13 02:01:50","CreateSocialDendroTimelineWithPostsAndSharesUnit","test_concluded","notifications.notification[DELETE]",2.444
