﻿timestamp,state,event,test,time_taken
"2019-05-13 03:13:15","BootupUnit","state_create_start","",0
"2019-05-13 03:14:22","BootupUnit","state_create_complete","",66.93
"2019-05-13 03:14:22","LoadOntologies","state_create_start","",0
"2019-05-13 03:15:08","LoadOntologies","state_create_complete","",46.088
"2019-05-13 03:15:08","CreateUsersUnit","state_create_start","",0
"2019-05-13 03:15:50","CreateUsersUnit","state_create_complete","",41.336
"2019-05-13 03:29:27","CreateUsersUnit","test_concluded","projects.new",216.94
"2019-05-13 03:29:27","CreateUsersUnit","test_concluded","user_avatar",217.315
"2019-05-13 03:29:29","CreateUsersUnit","test_concluded","import",219.381
"2019-05-13 03:29:27","CreateProjectsUnit","state_create_start","",0
"2019-05-13 03:29:29","CreateAvatarsForUsersUnit","state_create_start","",0
"2019-05-13 03:30:28","CreateUsersUnit","test_concluded","user.edit",278.384
"2019-05-13 03:37:30","CreateUsersUnit","test_concluded","admin",482.998
